<annotation>
    <folder>data</folder>
    <filename>0000000216.png</filename>
    <size>
        <width>1242</width>
        <height>375</height>
        <depth>3</depth>
    </size>
    <segmented>0</segmented>
    <object>
        <name>truck</name>
        <pose>Unspecified</pose>
        <truncated>0</truncated>
        <occluded>0</occluded>
        <difficult>0</difficult>
        <bndbox>
            <xmin>638</xmin>
            <ymin>146</ymin>
            <xmax>734</xmax>
            <ymax>237</ymax>
        </bndbox>
    </object>
    <object>
        <name>car</name>
        <pose>Unspecified</pose>
        <truncated>0</truncated>
        <occluded>0</occluded>
        <difficult>0</difficult>
        <bndbox>
            <xmin>506</xmin>
            <ymin>176</ymin>
            <xmax>546</xmax>
            <ymax>211</ymax>
        </bndbox>
    </object>
    <object>
        <name>car</name>
        <pose>Unspecified</pose>
        <truncated>0</truncated>
        <occluded>0</occluded>
        <difficult>0</difficult>
        <bndbox>
            <xmin>537</xmin>
            <ymin>183</ymin>
            <xmax>603</xmax>
            <ymax>225</ymax>
        </bndbox>
    </object>
    <object>
        <name>car</name>
        <pose>Unspecified</pose>
        <truncated>0</truncated>
        <occluded>0</occluded>
        <difficult>0</difficult>
        <bndbox>
            <xmin>125</xmin>
            <ymin>175</ymin>
            <xmax>370</xmax>
            <ymax>276</ymax>
        </bndbox>
    </object>
</annotation>