<annotation>
    <folder>data</folder>
    <filename>0000000008.png</filename>
    <size>
        <width>1242</width>
        <height>375</height>
        <depth>3</depth>
    </size>
    <segmented>0</segmented>
    <object>
        <name>trafficlight</name>
        <pose>Unspecified</pose>
        <truncated>0</truncated>
        <occluded>0</occluded>
        <difficult>0</difficult>
        <bndbox>
            <xmin>820</xmin>
            <ymin>86</ymin>
            <xmax>865</xmax>
            <ymax>144</ymax>
        </bndbox>
    </object>
    <object>
        <name>person</name>
        <pose>Unspecified</pose>
        <truncated>0</truncated>
        <occluded>0</occluded>
        <difficult>0</difficult>
        <bndbox>
            <xmin>822</xmin>
            <ymin>169</ymin>
            <xmax>843</xmax>
            <ymax>217</ymax>
        </bndbox>
    </object>
    <object>
        <name>bicycle</name>
        <pose>Unspecified</pose>
        <truncated>0</truncated>
        <occluded>0</occluded>
        <difficult>0</difficult>
        <bndbox>
            <xmin>729</xmin>
            <ymin>173</ymin>
            <xmax>766</xmax>
            <ymax>207</ymax>
        </bndbox>
    </object>
    <object>
        <name>car</name>
        <pose>Unspecified</pose>
        <truncated>0</truncated>
        <occluded>0</occluded>
        <difficult>0</difficult>
        <bndbox>
            <xmin>633</xmin>
            <ymin>167</ymin>
            <xmax>669</xmax>
            <ymax>204</ymax>
        </bndbox>
    </object>
    <object>
        <name>car</name>
        <pose>Unspecified</pose>
        <truncated>0</truncated>
        <occluded>0</occluded>
        <difficult>0</difficult>
        <bndbox>
            <xmin>581</xmin>
            <ymin>179</ymin>
            <xmax>641</xmax>
            <ymax>230</ymax>
        </bndbox>
    </object>
</annotation>